HospitalID,HospitalName,Location,ContactNumber
1,Moore PLC,Reneeville,8868651756
2,Mcintyre and Sons,Barnestown,(558)934-6210
3,Nguyen-Bennett,Williamschester,+1-870-257-2937x254
4,Tran-Torres,North Brianburgh,694-678-8704x3666
5,"Tran, Houston and Singleton",Kyleborough,+1-392-595-8773x7172
6,Chung Group,Millsmouth,+1-992-229-5242x977
7,"Shaffer, Black and Murray",Jonesmouth,(893)452-4029
8,"Acevedo, Hernandez and Sanchez",Russellville,338-596-5740x6945
9,Robertson-Williams,Sharonton,001-445-470-4598x95416
10,King-Jackson,New Tracy,861.967.1041x8910
